{"cameraMode":{"drawMode":0,"name":"Shaded","section":"Shading Mode"},"sceneLighting":true,"audioPlay":false,"sceneViewState":{"m_AlwaysRefresh":false,"showFog":true,"showSkybox":true,"showFlares":true,"showImageEffects":true,"showParticleSystems":true,"showVisualEffectGraphs":true,"m_FxEnabled":true},"in2DMode":false,"pivot":{"x":-0.2870323359966278,"y":-1.1058878898620606,"z":0.4972032308578491},"rotation":{"x":-0.5328307151794434,"y":0.0010236180387437344,"z":-0.0006503467448055744,"w":-0.8462986946105957},"size":3.6437973976135256,"orthographic":true}