{"cameraMode":{"drawMode":0,"name":"Shaded","section":"Shading Mode"},"sceneLighting":true,"audioPlay":false,"sceneViewState":{"m_AlwaysRefresh":false,"showFog":true,"showSkybox":true,"showFlares":true,"showImageEffects":true,"showParticleSystems":true,"showVisualEffectGraphs":true,"m_FxEnabled":true},"in2DMode":false,"pivot":{"x":813.64599609375,"y":634.3350830078125,"z":-35.82225036621094},"rotation":{"x":0.042579032480716708,"y":-0.021267682313919069,"z":-0.0009102988988161087,"w":-0.9989321231842041},"size":773.6401977539063,"orthographic":true}